{
    
    "rasa_nlu_data": {
        "common_examples": [
            {
                "text": "who are you?",
                "intent": "intro",
                "entities": []
            },
            {
                "text": "what do you do?",
                "intent": "intro",
                "entities": []
            },
            {
                "text": "what can you do for me?",
                "intent": "intro",
                "entities": []
            },
            {
                "text": "hey",
                "intent": "greet",
                "entities": []
            },
            {
                "text": "hey",
                "intent": "greet",
                "entities": []
            },
            {
                "text": "howdy",
                "intent": "greet",
                "entities": []
            },
            {
                "text": "hey there",
                "intent": "greet",
                "entities": []
            },
            {
                "text": "hello",
                "intent": "greet",
                "entities": []
            },
            {
                "text": "hi",
                "intent": "greet",
                "entities": []
            },
            {
                "text": "yes",
                "intent": "affirm",
                "entities": []
            },
            {
                "text": "yep",
                "intent": "affirm",
                "entities": []
            },
            {
                "text": "yeah",
                "intent": "affirm",
                "entities": []
            },
            {
                "text": "bye",
                "intent": "goodbye",
                "entities": []
            },
            {
                "text": "goodbye",
                "intent": "goodbye",
                "entities": []
            },
            {
                "text": "good bye",
                "intent": "goodbye",
                "entities": []
            },
            {
                "text": "stop",
                "intent": "goodbye",
                "entities": []
            },
            {
                "text": "end",
                "intent": "goodbye",
                "entities": []
            },
            {
                "text": "indeed",
                "intent": "affirm",
                "entities": []
            },
            {
                "text": "that's right",
                "intent": "affirm",
                "entities": []
            },
            {
                "text": "ok",
                "intent": "affirm",
                "entities": []
            },
            {
                "text": "great",
                "intent": "affirm",
                "entities": []
            },
            {
                "text": "What is the event happening now",
                "intent": "event-request",
                "entities": [
                    {
                    "start": 28,
                    "end": 31,
                    "value": "now",
                    "entity": "time"
                    }
                ]
            },
            {
            "text": "What event is happening at Lecture hall 10 AM today",
            "intent": "event-request",
            "entities": [
                {
                "start": 40,
                "end": 45,
                "value": "10 AM",
                "entity": "time"
                },
                {
                "start": 46,
                "end": 51,
                "value": "today",
                "entity": "day"
                },
                {
                "start": 27,
                "end": 39,
                "value": "Lecture hall",
                "entity": "place"
                }
                ]
            },
            {
                "text": "What is the event same time tomorrow",
                "intent": "event-request",
                "entities": [
                    {
                    "start": 18,
                    "end": 27,
                    "value": "same time",
                    "entity": "time"
                    },
                    {
                    "start": 28,
                    "end": 36,
                    "value": "tomorrow",
                    "entity": "day"
                    }
                ]
            },
            {
                "text": "What event is happening at Lecture hall 2 tommorrow 10 PM",
                "intent": "event-request",
                "entities": [
                    {
                    "start": 27,
                    "end": 41,
                    "value": "Lecture hall 2",
                    "entity": "place"
                    },
                    {
                    "start": 52,
                    "end": 57,
                    "value": "10 PM",
                    "entity": "time"
                    },
                    {
                    "start": 42,
                    "end": 51,
                    "value": "tomorrow",
                    "entity": "day"
                    }
                    ]
            },
            {
            "text": "What event is happening at Lecture hall 6 AM today",
            "intent": "event-request",
            "entities": [
                {
                "start": 40,
                "end": 44,
                "value": "10 AM",
                "entity": "time"
                },
                {
                "start": 45,
                "end": 52,
                "value": "today",
                "entity": "day"
                },
                {
                "start": 27,
                "end": 39,
                "value": "Lecture hall",
                "entity": "place"
                }
                ]
            },
            {
            "text": "What event is happening at Lecture hall 6:30 PM today",
            "intent": "event-request",
            "entities": [
                {
                "start": 40,
                "end": 47,
                "value": "10 AM",
                "entity": "time"
                },
                {
                "start": 48,
                "end": 55,
                "value": "today",
                "entity": "day"
                },
                {
                "start": 27,
                "end": 39,
                "value": "Lecture hall",
                "entity": "place"
                }
                ]
            },
            {
            "text": "What event is happening at Lecture hall 6 30 PM today",
            "intent": "event-request",
            "entities": [
                {
                "start": 40,
                "end": 47,
                "value": "10 AM",
                "entity": "time"
                },
                {
                "start": 48,
                "end": 55,
                "value": "today",
                "entity": "day"
                },
                {
                "start": 27,
                "end": 39,
                "value": "Lecture hall",
                "entity": "place"
                }
                ]
            },
            {
                "text": "What event is happening at 6 30 PM today",
                "intent": "event-request",
                "entities": [
                    {
                    "start": 27,
                    "end": 34,
                    "value": "6 30 PM",
                    "entity": "time"
                    },
                    {
                    "start": 35,
                    "end": 40,
                    "value": "today",
                    "entity": "day"
                    }
                ]
            },
            {
                "text": "What event is happening at 6",
                "intent": "event-request",
                "entities": [
                    {
                    "start": 27,
                    "end": 28,
                    "value": "6",
                    "entity": "time"
                    }
                ]
            },
            {
                "text": "What event is at 12",
                "intent": "event-request",
                "entities": [
                    {
                    "start": 17,
                    "end": 19,
                    "value": "12",
                    "entity": "time"
                    }
                ]
            },
            {
                "text": "list events before 12",
                "intent": "event-request",
                "entities": [
                    {
                    "start": 19,
                    "end": 21,
                    "value": "12",
                    "entity": "time"
                    },
                    {
                    "start": 12,
                    "end": 18,
                    "value": "before",
                    "entity": "relative-time"
                    }
                ]
            },
            {
                "text": "list events after 5",
                "intent": "event-request",
                "entities": [
                    {
                    "start": 18,
                    "end": 19,
                    "value": "5",
                    "entity": "time"
                    },
                    {
                    "start": 12,
                    "end": 17,
                    "value": "before",
                    "entity": "relative-time"
                    }
                ]
            },
            {
                "text": "when is the chatbot event happening",
                "intent": "event-time",
                "entities": [
                    {
                    "start": 12,
                    "end": 19,
                    "value": "chatbot",
                    "entity": "event_name"
                    }
                ]
            },
            {
                "text": "when is python 101 event happening",
                "intent": "event-time",
                "entities": [
                    {
                    "start": 8,
                    "end": 18,
                    "value": "python 101",
                    "entity": "event_name"
                    }
                ]
            },
            {
                "text": "what event is happening 2 tomorrow",
                "intent": "event-request",
                "entities": [
                    {
                    "start": 24,
                    "end": 25,
                    "value": "2",
                    "entity": "time"
                    },
                    {
                    "start": 26,
                    "end": 34,
                    "value": "2",
                    "entity": "time"
                    }
                ]
            },
      {
        "text": "What event is happening at Lecture hall 10 AM today",
        "intent": "event-request",
        "entities": [
          {
            "start": 40,
            "end": 45,
            "value": "10 AM",
            "entity": "time"
          },
          {
            "start": 46,
            "end": 51,
            "value": "today",
            "entity": "day"
          },
          {
            "start": 27,
            "end": 39,
            "value": "Lecture hall",
            "entity": "place"
          }
        ]
      },
      {
        "text": "What is the event same time tomorrow",
        "intent": "event-request",
        "entities": [
          {
            "start": 18,
            "end": 27,
            "value": "same time",
            "entity": "time"
          },
          {
            "start": 28,
            "end": 36,
            "value": "tomorrow",
            "entity": "day"
          }
        ]
      },
      {
        "text": "What event is happening at Lecture hall 2 tommorrow 10 PM",
        "intent": "event-request",
        "entities": [
          {
            "start": 27,
            "end": 41,
            "value": "Lecture hall 2",
            "entity": "place"
          },
          {
            "start": 52,
            "end": 57,
            "value": "tomorrow 10 PM",
            "entity": "time"
          },
          {
            "start": 42,
            "end": 51,
            "value": "tomorrow",
            "entity": "day"
          }
        ]
      },
      {
        "text": "What event is happening at Lecture hall 6 AM today",
        "intent": "event-request",
        "entities": [
          {
            "start": 40,
            "end": 44,
            "value": "6 AM",
            "entity": "time"
          },
          {
            "start": 45,
            "end": 50,
            "value": "today",
            "entity": "day"
          },
          {
            "start": 27,
            "end": 39,
            "value": "Lecture hall",
            "entity": "place"
          }
        ]
      },
      {
        "text": "What event is happening at Lecture hall 6:30 PM today",
        "intent": "event-request",
        "entities": [
          {
            "start": 40,
            "end": 47,
            "value": "6:30 PM",
            "entity": "time"
          },
          {
            "start": 48,
            "end": 53,
            "value": "today",
            "entity": "day"
          },
          {
            "start": 27,
            "end": 39,
            "value": "Lecture hall",
            "entity": "place"
          }
        ]
      },
      {
        "text": "What event is happening at Lecture hall 6 30 PM today",
        "intent": "event-request",
        "entities": [
          {
            "start": 40,
            "end": 47,
            "value": "10 AM",
            "entity": "time"
          },
          {
            "start": 48,
            "end": 53,
            "value": "today",
            "entity": "day"
          },
          {
            "start": 27,
            "end": 39,
            "value": "Lecture hall",
            "entity": "place"
          }
        ]
      },
      {
        "text": "What event is happening at 6 30 PM today",
        "intent": "event-request",
        "entities": [
          {
            "start": 27,
            "end": 34,
            "value": "6 30 PM",
            "entity": "time"
          },
          {
            "start": 35,
            "end": 40,
            "value": "today",
            "entity": "day"
          }
        ]
      },
      {
        "text": "What event is happening at 6 30 PM today",
        "intent": "event-request",
        "entities": [
          {
            "start": 27,
            "end": 34,
            "value": "10 30 AM",
            "entity": "time"
          },
          {
            "start": 35,
            "end": 40,
            "value": "today",
            "entity": "day"
          }
        ]
      },
      {
        "text": "What event is happening at 6",
        "intent": "event-request",
        "entities": [
          {
            "start": 27,
            "end": 28,
            "value": "6",
            "entity": "time"
          }
        ]
      },
      {
        "text": "What event is at 12",
        "intent": "event-request",
        "entities": [
          {
            "start": 17,
            "end": 19,
            "value": "12",
            "entity": "time"
          }
        ]
      },
      {
        "text": "list events before 12",
        "intent": "event-request",
        "entities": [
          {
            "start": 19,
            "end": 21,
            "value": "12",
            "entity": "time"
          },
          {
            "start": 12,
            "end": 18,
            "value": "before",
            "entity": "relative-time"
          }
        ]
      },
      {
        "text": "list events after 5",
        "intent": "event-request",
        "entities": [
          {
            "start": 18,
            "end": 19,
            "value": "5",
            "entity": "time"
          },
          {
            "start": 12,
            "end": 17,
            "value": "before",
            "entity": "relative-time"
          }
        ]
      },
      {
        "text": "when is the chatbot event happening",
        "intent": "event-time",
        "entities": [
          {
            "start": 12,
            "end": 19,
            "value": "chatbot",
            "entity": "event_name"
          }
        ]
      },
      {
        "text": "when is python 101 event happening",
        "intent": "event-time",
        "entities": [
          {
            "start": 8,
            "end": 18,
            "value": "python 101",
            "entity": "event_name"
          }
        ]
      },
      {
        "text": "what event is happening 2 tomorrow",
        "intent": "event-request",
        "entities": [
          {
            "start": 24,
            "end": 25,
            "value": "2",
            "entity": "time"
          },
          {
            "start": 26,
            "end": 34,
            "value": "2",
            "entity": "time"
          }
        ]
      }
    ]
  }
}